parameter,min,max
tas,227.03578,306.4887
pr,5.8582535e-35,0.0026244717
hurs,6.177828e-05,0.016826553
psl,93.58013,418.3004
rsds,2.2221062,422.04773
sfcWind,0.15552887,13.032984
