parameter,min,max
tas,227.03578,306.4887
pr,2.502997e-33,0.0021575622
huss,6.177828e-05,0.015098182
rlds,93.63606,405.74277
rsds,2.2221062,421.34006
sfcWind,0.17896594,12.762716
